{"count":1,"self":440.3892224,"total":2353.5685393999997,"children":{"InitializeActuators":{"count":16,"self":0.0015042999999999999,"total":0.0015042999999999999,"children":null},"InitializeSensors":{"count":16,"self":0.00049949999999999994,"total":0.00049949999999999994,"children":null},"AgentSendState":{"count":937734,"self":3.0700246,"total":41.2865934,"children":{"CollectObservations":{"count":3000752,"self":17.7809568,"total":17.7809575,"children":null},"WriteActionMask":{"count":3000752,"self":0.3195809,"total":0.3195809,"children":null},"RequestDecision":{"count":3000752,"self":2.4282597999999997,"total":20.1160304,"children":{"AgentInfo.ToProto":{"count":3000752,"self":1.8610004,"total":17.6877706,"children":{"GenerateSensorData":{"count":3000752,"self":15.826769599999999,"total":15.826770199999999,"children":null}}}}}}},"DecideAction":{"count":937734,"self":1714.4733695999998,"total":1714.4733813,"children":null},"AgentAct":{"count":937734,"self":157.0891648,"total":157.41634439999999,"children":{"AgentInfo.ToProto":{"count":29393,"self":0.0772515,"total":0.32718159999999996,"children":{"GenerateSensorData":{"count":29393,"self":0.2499301,"total":0.2499301,"children":null}}}}}},"gauges":{"E2EDrivingAgent.CumulativeReward":{"count":29393,"max":47.43765,"min":-1781.78394,"runningAverage":-109.875542,"value":-108.536896,"weightedAverage":-108.878738}},"metadata":{"timer_format_version":"0.1.0","start_time_seconds":"1769662043","unity_version":"6000.3.4f1","command_line_arguments":"C:\\Program Files\\Unity\\Hub\\Editor\\6000.3.4f1\\Editor\\Unity.exe -projectpath C:\\Users\\user\\Desktop\\dev\\physical-unity -acceptSoftwareTermsForThisRunOnly -useHub -hubIPC -cloudEnvironment production","communication_protocol_version":"1.5.0","com.unity.ml-agents_version":"4.0.0","scene_name":"PhaseB_DecisionLearning","end_time_seconds":"1769664396"}}