{"count":1,"self":754.840832,"total":2460.3492019,"children":{"InitializeActuators":{"count":16,"self":0.0009996,"total":0.0009996,"children":null},"InitializeSensors":{"count":16,"self":0.0010000999999999999,"total":0.0010000999999999999,"children":null},"AgentSendState":{"count":937951,"self":3.3307438,"total":64.1178049,"children":{"CollectObservations":{"count":3001456,"self":33.7289952,"total":33.7289964,"children":null},"WriteActionMask":{"count":3001456,"self":0.27975089999999997,"total":0.27975089999999997,"children":null},"RequestDecision":{"count":3001456,"self":2.5090206,"total":26.7783138,"children":{"AgentInfo.ToProto":{"count":3001456,"self":2.069864,"total":24.2692932,"children":{"GenerateSensorData":{"count":3001456,"self":22.1994288,"total":22.1994291,"children":null}}}}}}},"DecideAction":{"count":937951,"self":1301.8185727999999,"total":1301.8185913999998,"children":null},"AgentAct":{"count":937951,"self":339.3140736,"total":339.5694534,"children":{"AgentInfo.ToProto":{"count":15650,"self":0.059194199999999995,"total":0.25538469999999996,"children":{"GenerateSensorData":{"count":15650,"self":0.1961905,"total":0.1961905,"children":null}}}}}},"gauges":{"E2EDrivingAgent.CumulativeReward":{"count":15650,"max":558.332458,"min":-649.772034,"runningAverage":231.069534,"value":512.031433,"weightedAverage":519.310364}},"metadata":{"timer_format_version":"0.1.0","start_time_seconds":"1770188175","unity_version":"6000.3.4f1","command_line_arguments":"C:\\Program Files\\Unity\\Hub\\Editor\\6000.3.4f1\\Editor\\Unity.exe -projectpath C:\\Users\\user\\Desktop\\dev\\physical-unity -acceptSoftwareTermsForThisRunOnly -useHub -hubIPC -cloudEnvironment production","communication_protocol_version":"1.5.0","com.unity.ml-agents_version":"4.0.0","scene_name":"PhaseN_CurriculumRoads","end_time_seconds":"1770190635"}}